study_hours,attendance_percent,previous_score,assignment_score,sleep_hours,internet_hours,extracurricular_activities,final_score,performance
7.97,88.15,38.72,78.67,8.21,1.24,3,77.83,High
4.95,94.89,62.5,97.44,6.23,5.78,4,82.88,High
8.73,96.45,42.74,59.11,8.76,7.65,3,87.12,High
7.28,77.66,44.14,62.63,7.25,6.8,2,77.03,High
1.85,78.41,72.94,87.79,4.58,2.94,2,63.54,Medium
9.78,90.99,58.58,67.87,8.43,1.37,1,92.03,High
7.85,69.15,90.31,82.88,6.45,7.58,1,76.64,High
8.07,92.68,54.15,64.88,4.71,7.56,3,77.34,High
2.15,77.24,78.57,49.01,4.76,4.73,0,59.71,Medium
5.05,60.21,62.67,83.44,7.44,5.5,0,70.06,Medium
4.34,58.24,74.6,43.53,4.24,4.24,1,51.81,Low
9.34,92.89,70.98,47.91,5.43,3.94,3,86.56,High
6.79,57.5,63.37,75.74,4.7,1.84,3,69.51,Medium
8.4,67.63,92.0,83.57,6.21,1.68,2,89.5,High
4.99,70.04,55.56,93.15,6.07,2.63,2,63.75,Medium
3.05,62.78,45.63,52.72,6.61,6.86,0,42.72,Low
5.99,69.13,75.69,42.2,5.4,2.02,1,67.67,Medium
1.57,88.42,85.76,97.14,4.16,2.59,0,66.7,Medium
8.45,55.66,37.42,45.04,7.07,4.84,3,64.34,Medium
6.68,92.22,61.98,47.85,5.87,2.51,3,79.74,High
7.82,93.54,88.55,53.94,7.26,2.14,1,98.09,High
4.19,71.75,79.98,69.41,4.54,4.94,1,59.7,Medium
9.74,61.91,94.51,92.38,4.07,3.58,1,90.89,High
9.04,82.04,66.88,84.44,5.24,5.38,4,94.72,High
8.01,60.39,74.6,81.03,6.28,7.39,2,76.81,High
2.75,71.42,53.15,46.39,5.97,2.06,3,53.84,Low
5.2,98.13,91.85,58.25,8.05,7.39,2,88.0,High
1.39,99.8,56.98,66.1,5.89,7.32,3,57.16,Low
2.39,89.74,79.31,44.58,6.65,6.8,2,68.34,Medium
7.15,68.99,59.19,52.77,6.97,5.42,1,75.31,High
7.7,85.94,68.71,55.04,4.11,5.34,4,79.26,High
9.71,86.74,78.19,43.27,6.58,5.47,3,94.66,High
3.93,72.45,65.54,70.77,5.72,5.83,3,65.68,Medium
4.33,83.84,89.43,80.83,6.11,1.12,4,85.4,High
5.23,55.48,60.16,39.55,4.5,7.71,1,52.52,Low
2.71,64.41,73.82,66.27,7.91,5.1,0,59.96,Medium
2.17,78.63,55.54,85.84,8.71,6.47,2,60.76,Medium
5.28,62.37,59.49,83.62,4.11,3.64,1,69.0,Medium
3.04,62.47,61.4,87.98,7.01,1.09,2,58.39,Low
7.03,92.63,42.55,64.14,7.82,4.57,1,84.27,High
4.93,99.51,40.5,88.34,5.42,4.55,1,74.8,High
8.49,80.02,75.05,50.65,7.94,4.06,1,80.76,High
7.3,92.76,74.33,58.45,7.16,3.38,1,92.84,High
3.81,99.56,74.77,46.46,8.65,2.75,3,87.99,High
8.49,61.37,36.19,65.39,8.91,4.69,2,81.12,High
8.24,75.17,54.59,60.48,4.21,3.63,2,85.08,High
4.49,72.67,46.87,50.66,6.22,7.79,0,57.8,Low
3.59,58.6,81.69,83.87,6.73,2.21,2,59.0,Medium
7.14,88.99,86.64,55.4,4.73,3.24,0,74.84,High
2.26,74.52,49.8,52.73,5.68,3.06,1,54.82,Low
2.8,76.12,75.07,43.51,8.94,4.8,2,60.69,Medium
1.07,61.78,42.76,63.52,4.08,4.49,0,36.56,Low
8.08,63.14,51.51,54.69,6.26,5.51,1,72.46,Medium
6.98,95.82,43.32,59.0,8.21,7.65,1,80.6,High
7.35,57.01,52.01,50.34,5.62,3.0,4,63.05,Medium
8.03,65.48,75.48,84.61,6.4,5.85,4,81.26,High
5.13,68.14,89.62,95.45,8.89,1.18,0,89.41,High
6.12,77.06,47.15,67.37,6.37,2.84,3,67.55,Medium
2.26,81.39,67.52,76.79,4.65,4.25,3,65.56,Medium
2.03,77.2,77.08,91.37,4.26,1.22,1,61.42,Medium
7.02,58.79,92.18,99.92,8.73,5.32,2,87.91,High
5.24,65.97,71.6,74.88,5.33,5.75,3,74.27,High
6.09,92.96,50.31,92.84,6.52,6.23,1,81.49,High
7.88,83.69,72.53,94.06,4.45,4.62,0,90.09,High
6.71,84.21,54.23,86.44,6.12,5.23,1,72.32,Medium
5.98,85.16,93.57,64.96,8.65,3.77,1,91.29,High
6.03,89.33,58.98,40.28,6.51,1.29,1,71.76,Medium
3.74,57.61,76.13,36.03,8.86,1.7,1,64.36,Medium
1.28,71.5,36.39,66.02,5.29,5.58,0,45.66,Low
4.93,79.28,59.0,67.13,6.52,7.97,4,70.42,Medium
2.93,70.23,87.51,61.48,8.3,1.11,0,70.18,Medium
4.68,93.0,71.61,71.93,6.24,4.9,3,71.84,Medium
8.68,76.72,61.64,70.89,5.4,6.26,3,76.03,High
3.11,89.59,91.16,89.38,8.28,6.79,3,80.44,High
1.52,93.34,86.24,42.06,5.95,4.82,4,64.34,Medium
3.53,77.72,54.33,49.64,6.65,5.34,0,64.81,Medium
3.64,95.93,67.67,86.55,8.88,5.88,1,74.86,High
6.96,81.42,64.39,90.11,4.93,7.01,0,70.52,Medium
6.01,93.26,72.93,99.66,5.51,1.86,2,90.99,High
8.06,70.33,55.05,91.74,4.16,7.48,3,75.09,High
6.98,77.45,49.65,92.84,5.96,1.18,4,83.13,High
4.66,78.91,89.76,55.43,5.0,6.85,1,66.48,Medium
8.33,59.72,90.43,61.11,7.4,1.54,1,94.82,High
2.5,72.93,85.6,52.43,4.91,2.36,4,58.63,Low
1.2,96.28,93.69,74.41,7.37,1.03,3,71.08,Medium
1.81,83.39,79.7,96.02,5.32,4.12,3,66.44,Medium
7.5,62.99,80.88,57.4,5.78,3.34,2,73.38,Medium
5.16,70.25,80.76,71.21,5.74,2.16,2,75.83,High
2.45,63.62,63.84,54.26,7.58,4.16,1,63.78,Medium
5.51,56.12,62.39,46.04,6.33,3.82,3,61.72,Medium
2.37,96.74,49.41,47.69,5.81,6.37,1,59.44,Medium
7.27,75.17,73.69,38.77,8.26,7.25,4,64.85,Medium
5.02,68.84,52.36,96.7,6.86,5.57,0,67.42,Medium
4.43,81.93,50.47,61.19,5.07,1.87,2,64.76,Medium
3.71,55.33,70.16,89.22,8.5,3.07,1,61.75,Medium
6.67,67.51,59.6,79.29,5.71,7.39,3,77.42,High
4.26,86.64,48.13,47.47,4.19,1.62,3,62.91,Medium
1.79,83.52,83.96,46.41,6.47,3.85,4,62.05,Medium
2.06,99.18,86.63,87.78,4.62,7.6,3,66.68,Medium
9.66,82.92,45.06,52.21,5.19,7.65,1,70.7,Medium
9.18,76.49,35.45,94.36,7.74,3.88,1,79.8,High
7.3,89.26,55.17,44.1,4.65,5.67,4,81.25,High
3.39,95.65,82.85,79.05,8.03,4.2,2,66.71,Medium
9.72,87.43,85.35,87.94,8.68,6.27,0,96.02,High
8.01,98.34,43.3,50.29,7.03,1.22,4,84.56,High
7.45,90.19,81.46,52.95,7.55,2.01,3,98.81,High
5.04,94.01,41.94,97.69,7.57,5.3,0,78.01,High
3.45,60.13,58.4,52.2,8.96,2.63,3,58.32,Low
1.87,87.96,94.92,62.95,5.71,5.66,3,72.63,Medium
9.12,74.8,46.56,63.11,4.81,3.46,3,77.56,High
5.1,79.89,44.24,51.45,6.6,7.21,4,69.48,Medium
2.82,84.43,60.37,85.43,6.67,6.73,2,56.96,Low
3.75,98.64,72.18,85.17,4.89,4.45,2,79.38,High
6.21,99.31,90.97,59.59,7.07,6.41,3,84.63,High
2.59,67.97,93.85,89.28,4.07,2.9,0,59.54,Medium
8.71,88.02,39.18,48.85,8.64,4.46,0,81.44,High
7.83,88.75,43.28,35.28,5.32,2.38,4,79.55,High
7.48,70.59,82.44,72.13,4.2,7.03,1,75.31,High
4.89,60.57,51.24,99.62,4.54,6.76,2,64.76,Medium
6.65,56.84,88.09,37.51,5.2,7.32,1,65.49,Medium
6.26,89.98,74.81,48.52,5.37,7.14,1,78.63,High
6.85,77.04,41.71,68.73,4.16,7.72,2,69.96,Medium
1.76,99.35,84.95,87.65,5.4,2.6,4,72.14,Medium
4.74,75.92,45.58,40.79,4.96,7.52,2,55.4,Low
1.37,99.01,60.41,60.69,5.89,5.0,0,59.6,Medium
5.45,73.52,68.13,83.56,5.93,3.96,1,76.05,High
3.97,90.72,65.05,59.15,5.7,4.92,0,77.7,High
2.3,58.82,76.17,47.27,5.64,3.4,4,60.02,Medium
1.93,80.0,74.16,47.71,4.45,3.02,1,62.06,Medium
6.29,91.09,94.52,61.65,4.13,2.69,1,99.42,High
2.54,96.61,94.97,66.16,5.01,1.58,0,75.29,High
9.33,92.02,65.99,91.02,7.78,4.48,2,99.53,High
6.23,56.66,40.71,76.75,8.95,7.21,4,70.58,Medium
4.12,71.77,78.67,79.88,8.64,5.41,2,66.91,Medium
6.32,57.19,93.6,98.89,6.52,4.65,3,78.28,High
1.21,59.92,54.1,61.77,6.66,4.0,0,44.37,Low
9.63,85.39,62.67,61.22,5.57,4.25,0,91.78,High
5.34,87.1,60.49,95.02,7.87,2.46,3,80.3,High
8.04,89.82,38.09,50.98,7.82,6.76,0,78.29,High
1.74,93.95,75.34,82.44,8.22,2.39,2,76.02,High
5.38,88.27,56.2,84.05,8.48,6.02,1,80.63,High
5.42,91.04,82.25,41.36,6.17,6.32,0,73.58,Medium
9.44,57.2,84.93,65.44,7.83,5.02,2,84.49,High
6.15,65.55,84.27,48.04,8.03,7.04,4,80.24,High
5.26,82.99,60.0,47.05,5.54,3.04,0,72.88,Medium
3.4,93.62,54.29,65.15,8.65,7.17,4,60.07,Medium
3.98,55.2,79.93,53.81,4.47,6.11,2,56.45,Low
5.69,78.16,83.08,86.74,8.97,6.59,3,82.7,High
4.95,85.48,64.48,93.99,7.85,5.65,0,79.7,High
1.19,56.33,88.58,87.18,4.47,6.92,4,58.0,Low
8.44,73.06,43.63,52.29,7.28,7.95,0,75.33,High
9.07,95.3,87.74,52.82,4.17,3.94,4,97.27,High
2.26,85.22,40.77,51.56,7.85,6.7,3,55.65,Low
5.99,65.69,44.21,43.78,8.0,6.21,1,60.39,Medium
1.98,93.38,67.03,96.35,7.01,4.17,0,66.0,Medium
7.05,70.66,39.05,61.13,8.28,7.49,3,70.87,Medium
3.53,93.4,38.17,49.6,4.49,3.76,0,58.7,Low
6.93,68.45,35.03,90.03,5.38,4.96,3,61.35,Medium
7.54,81.56,61.18,60.95,6.07,1.74,3,80.82,High
7.92,72.86,81.48,37.28,4.21,2.58,1,79.7,High
1.97,67.37,37.09,45.53,6.24,6.88,1,42.79,Low
9.24,94.9,74.14,76.55,5.33,3.78,1,93.58,High
3.07,63.44,84.39,85.89,5.96,3.76,1,67.28,Medium
1.34,58.82,45.08,48.71,6.13,2.72,0,38.53,Low
5.99,70.39,43.81,94.63,8.4,4.44,1,64.97,Medium
4.34,87.29,86.65,90.31,5.35,6.64,3,74.31,High
8.47,91.33,84.39,90.14,8.47,7.27,1,99.33,High
8.27,99.94,67.34,49.8,6.13,1.49,3,99.97,High
3.85,68.34,84.15,38.28,5.64,5.02,4,67.68,Medium
9.58,73.36,40.57,91.38,6.51,4.27,3,78.76,High
3.62,61.16,58.67,54.88,6.09,5.3,2,55.22,Low
5.64,80.87,79.27,75.23,5.29,4.13,1,78.09,High
3.3,99.89,50.45,84.4,6.51,3.79,4,72.08,Medium
9.42,86.54,80.14,43.34,4.76,4.3,1,91.96,High
2.48,81.78,65.25,85.75,5.76,5.07,2,58.37,Low
1.4,72.66,80.02,96.0,6.83,4.51,2,62.45,Medium
4.92,96.19,62.88,82.34,6.07,4.31,3,79.67,High
9.93,77.36,57.07,63.68,8.12,6.72,2,92.62,High
9.03,61.05,48.15,91.98,5.28,6.22,3,74.88,High
7.74,71.44,47.5,69.28,8.85,3.39,4,79.33,High
9.02,58.02,80.09,83.41,7.92,6.6,1,72.31,Medium
9.04,64.09,42.13,88.33,8.84,6.98,4,79.18,High
5.67,55.8,40.16,83.71,8.19,2.07,0,63.84,Medium
3.84,75.4,45.58,53.71,4.71,5.08,4,52.96,Low
7.95,83.55,45.52,42.66,6.63,3.0,0,78.38,High
6.95,70.45,84.39,50.49,4.85,6.17,4,76.18,High
4.36,73.92,58.91,67.69,8.09,2.67,1,57.49,Low
1.85,98.16,94.42,67.84,6.92,5.7,4,72.59,Medium
7.72,88.84,43.23,72.87,5.32,2.79,0,75.3,High
3.36,79.34,74.21,60.68,8.65,4.58,2,71.0,Medium
9.43,67.8,61.92,86.15,4.58,7.64,4,77.0,High
3.17,95.36,58.58,94.35,6.82,3.67,0,70.89,Medium
2.1,65.58,87.51,51.04,7.61,7.13,1,55.97,Low
8.48,69.64,93.54,82.87,4.29,7.91,0,85.68,High
2.38,95.91,87.37,79.07,6.99,7.12,1,70.81,Medium
2.61,78.83,46.54,69.0,8.08,2.16,1,59.81,Medium
6.39,88.4,48.25,47.25,4.34,6.74,3,62.02,Medium
8.87,81.58,74.36,86.69,6.56,1.23,1,86.73,High
2.77,84.4,52.35,97.44,5.29,3.75,0,60.03,Medium
3.79,68.47,79.08,81.92,7.31,7.1,0,66.0,Medium
8.0,65.86,68.99,94.66,4.59,5.82,4,78.09,High
9.75,69.51,68.05,98.97,8.69,4.73,4,98.45,High
5.51,61.99,84.71,57.88,8.47,3.72,1,72.51,Medium
2.3,94.34,77.63,76.48,4.93,6.69,0,59.48,Medium
1.13,67.75,36.59,65.81,5.62,5.97,0,41.35,Low
3.07,80.27,37.97,99.13,6.94,4.28,4,64.63,Medium
2.19,90.64,71.09,41.1,7.59,7.25,3,62.94,Medium
7.1,90.27,64.17,61.8,6.21,2.61,3,93.27,High
2.1,74.73,50.61,91.91,4.78,2.19,1,54.11,Low
5.56,76.43,60.12,53.46,4.52,5.5,3,66.96,Medium
7.25,99.76,80.47,86.21,9.0,7.8,0,93.66,High
6.23,85.36,84.6,59.88,6.28,2.73,3,83.05,High
2.8,91.66,68.67,98.7,8.36,2.75,2,71.98,Medium
8.24,95.61,58.12,92.43,6.41,1.98,1,84.38,High
7.44,90.44,51.24,54.59,8.61,7.02,3,78.37,High
7.65,63.33,66.32,85.06,4.44,2.58,3,73.79,Medium
2.18,80.3,53.88,56.9,4.57,4.52,2,45.72,Low
2.11,59.59,68.85,74.41,8.65,7.94,0,50.46,Low
9.35,84.38,75.6,77.8,8.74,1.08,0,93.06,High
4.58,97.99,38.96,88.92,5.57,4.9,4,74.64,High
3.71,78.07,35.06,36.59,5.78,4.59,1,57.13,Low
5.4,74.48,47.74,49.31,6.26,6.65,1,58.53,Low
6.97,56.61,88.67,81.27,6.08,3.49,3,78.81,High
9.6,98.19,73.78,71.63,4.95,3.87,1,86.74,High
3.58,59.64,45.32,67.21,8.49,2.18,1,56.72,Low
9.32,56.85,88.42,38.59,5.27,6.19,3,83.3,High
1.22,66.07,63.2,57.64,7.53,6.49,2,54.5,Low
6.0,57.95,63.57,91.23,4.34,1.96,3,67.88,Medium
6.71,75.48,91.13,37.01,4.19,3.75,0,81.25,High
1.95,78.22,38.57,60.77,7.27,7.25,2,43.4,Low
2.26,69.07,47.91,96.43,5.7,1.02,2,52.67,Low
4.77,57.29,70.15,38.31,7.28,3.09,3,67.61,Medium
9.7,60.02,46.73,83.73,4.47,4.89,0,86.93,High
6.36,72.3,75.77,51.74,8.75,3.34,0,80.32,High
9.4,57.72,47.85,91.33,7.74,2.9,3,84.66,High
8.24,86.42,40.95,83.49,8.38,4.22,3,75.12,High
5.21,64.32,47.42,92.57,4.68,2.27,4,57.35,Low
8.06,68.59,60.36,49.04,5.6,4.71,1,76.1,High
1.16,72.74,45.57,69.53,5.84,5.95,4,47.29,Low
1.98,73.75,43.08,85.65,6.69,5.03,1,48.78,Low
8.46,55.07,86.62,50.97,5.48,1.65,3,82.64,High
8.17,60.04,54.22,50.0,4.3,6.91,0,68.84,Medium
3.09,93.82,56.65,36.77,5.84,2.22,4,69.35,Medium
5.78,55.06,38.32,97.3,5.27,6.35,1,62.16,Medium
6.45,77.87,56.44,81.15,5.93,3.52,4,83.77,High
8.81,77.03,50.89,76.31,4.98,6.48,1,80.04,High
6.43,69.99,71.63,83.36,5.31,2.44,3,77.81,High
4.71,74.41,47.32,69.55,7.13,2.31,2,72.97,Medium
4.37,90.13,88.3,65.95,5.94,4.48,0,70.5,Medium
4.83,92.85,90.78,64.22,5.73,1.23,0,94.83,High
6.87,66.72,40.99,76.63,6.67,2.58,3,75.02,High
8.81,69.51,41.44,48.1,7.86,6.07,0,77.45,High
5.09,65.91,41.92,92.72,5.89,6.86,1,65.17,Medium
3.23,76.59,72.17,87.76,6.94,1.57,2,79.77,High
3.13,85.75,42.32,57.72,8.83,7.17,1,63.8,Medium
7.71,65.27,86.14,72.61,6.61,6.58,0,72.74,Medium
8.35,69.88,80.26,44.17,8.55,7.09,3,90.42,High
1.95,96.87,84.19,98.2,7.97,5.89,3,71.8,Medium
1.6,57.19,66.56,93.69,4.29,5.72,3,52.05,Low
6.35,75.73,94.8,94.92,6.15,4.68,4,79.6,High
2.32,87.02,37.65,56.59,7.49,5.57,0,57.61,Low
8.42,61.77,59.08,45.99,8.93,7.43,2,73.25,Medium
3.79,57.13,54.44,48.77,6.29,1.7,1,57.33,Low
2.29,61.22,91.92,40.85,4.46,3.21,4,56.04,Low
9.29,96.35,69.61,42.81,6.81,1.51,2,100.0,High
2.49,55.42,83.37,39.63,4.63,7.61,0,59.06,Medium
3.56,63.47,45.22,99.34,7.76,4.12,3,62.91,Medium
2.38,56.41,93.72,39.81,6.54,5.73,0,55.43,Low
2.04,59.98,64.92,43.62,7.62,6.89,1,47.93,Low
1.19,82.91,64.62,88.77,8.35,7.94,3,65.2,Medium
1.5,65.87,93.25,72.72,7.14,2.13,2,61.22,Medium
2.57,80.61,57.84,85.34,7.06,6.6,3,60.03,Medium
1.48,81.56,58.85,76.01,7.77,7.21,2,61.91,Medium
6.32,93.22,70.09,92.34,8.21,1.34,4,87.84,High
7.13,55.21,42.68,76.5,8.35,6.28,2,69.44,Medium
4.54,93.4,54.27,68.94,4.18,3.48,0,60.73,Medium
3.86,82.86,46.59,81.33,6.78,5.54,0,67.54,Medium
5.54,62.32,41.2,64.08,5.08,4.6,3,71.24,Medium
8.88,89.78,86.97,57.49,8.3,2.82,0,99.78,High
8.66,93.5,70.36,65.4,7.24,1.95,1,100.0,High
1.39,66.44,56.52,46.03,6.1,1.82,0,45.09,Low
2.63,96.35,59.52,86.78,4.94,1.72,1,69.18,Medium
3.13,75.45,60.89,51.95,5.7,5.46,2,53.53,Low
3.24,82.15,72.99,44.98,7.52,3.46,0,64.2,Medium
6.14,99.31,90.61,51.01,5.02,2.52,2,89.29,High
4.75,71.27,90.97,89.73,4.47,5.84,4,74.34,High
1.44,91.59,58.49,56.46,8.44,5.81,0,51.31,Low
4.36,69.33,54.76,79.59,7.82,4.77,0,58.84,Low
5.71,90.96,62.06,90.67,5.0,7.54,1,68.24,Medium
1.92,82.03,69.08,40.05,5.46,3.7,4,60.33,Medium
8.5,64.74,62.71,84.73,8.86,6.85,2,93.86,High
1.47,73.63,74.53,55.0,7.54,1.53,3,67.1,Medium
9.32,69.29,68.26,49.08,7.05,6.18,0,73.03,Medium
1.89,58.51,54.24,79.78,5.54,7.92,3,55.55,Low
8.59,56.34,55.74,94.14,5.5,6.93,0,80.57,High
9.12,70.59,57.72,54.18,4.2,5.06,3,71.64,Medium
9.82,55.86,40.68,71.97,7.64,5.39,0,76.95,High
8.22,62.45,44.96,53.84,4.22,3.47,4,77.72,High
8.02,87.63,78.39,71.03,4.02,5.76,1,87.6,High
6.78,86.86,58.35,75.42,7.65,6.39,0,72.59,Medium
8.01,88.24,47.87,74.67,8.74,7.99,1,85.66,High
2.21,69.27,68.76,75.53,7.78,4.45,0,48.91,Low
5.82,95.05,80.33,43.78,6.36,1.43,0,80.11,High
5.63,81.72,50.45,80.08,6.43,5.17,2,78.01,High
8.72,60.67,84.61,78.86,6.18,1.83,1,87.69,High
5.17,61.47,90.65,79.37,5.62,2.71,1,71.15,Medium
4.47,86.19,70.84,39.81,6.61,3.3,4,75.82,High
6.76,62.78,75.14,64.04,6.16,6.12,0,77.44,High
3.4,77.83,38.15,61.59,6.99,2.29,1,66.34,Medium
2.26,99.63,91.73,40.64,8.49,2.16,0,76.81,High
5.3,55.18,58.55,49.45,8.98,1.31,2,72.7,Medium
4.75,55.75,90.43,63.66,4.39,7.11,1,67.01,Medium
3.09,99.69,69.74,83.29,5.92,5.85,0,71.37,Medium
4.31,81.31,35.28,50.41,4.9,1.28,0,60.74,Medium
4.3,60.71,37.31,88.93,5.76,1.2,4,61.05,Medium
3.95,95.38,75.83,70.48,5.44,4.91,0,66.08,Medium
4.42,94.62,68.76,84.43,4.87,2.98,3,71.49,Medium
7.17,79.13,36.59,65.72,7.82,5.18,4,74.19,High
3.67,82.98,79.61,67.45,6.48,4.04,2,71.94,Medium
9.54,67.29,86.13,75.28,8.6,7.46,1,98.38,High
9.25,57.27,64.79,95.32,4.16,3.01,3,83.74,High
5.33,81.76,62.95,66.97,4.33,5.75,4,75.34,High
3.96,68.26,35.33,69.36,6.02,1.38,0,63.91,Medium
5.82,84.86,82.2,74.13,4.4,7.69,4,75.69,High
8.64,92.63,54.84,82.94,5.31,7.87,4,89.41,High
6.87,55.82,87.73,39.67,8.93,6.17,0,72.86,Medium
8.24,81.81,57.38,68.52,5.04,4.26,0,87.61,High
5.79,65.41,68.9,66.3,4.99,2.54,3,74.55,High
6.7,94.32,51.22,94.91,6.87,6.69,0,74.68,High
3.59,66.41,44.64,67.08,6.49,6.15,3,57.34,Low
7.61,82.48,81.49,65.44,6.9,2.55,0,95.46,High
2.82,79.91,64.8,97.54,5.88,4.16,3,65.55,Medium
7.25,72.83,67.19,64.29,8.13,4.24,1,82.46,High
8.75,85.49,92.92,46.76,4.69,6.78,0,89.62,High
2.19,87.66,92.81,49.1,6.14,5.79,0,58.92,Low
6.53,80.51,86.34,41.19,7.45,5.5,0,81.3,High
1.86,89.13,46.26,35.04,8.34,5.55,2,48.14,Low
7.53,99.25,70.66,63.08,5.85,2.89,0,84.59,High
1.76,73.87,87.69,85.0,6.84,3.6,4,71.4,Medium
9.42,78.16,57.47,82.68,4.35,1.32,3,91.15,High
2.24,55.56,41.07,37.09,4.85,6.51,1,38.69,Low
9.63,90.82,83.66,72.05,4.35,4.03,4,99.04,High
8.21,78.41,63.91,45.03,7.64,4.07,3,82.93,High
6.34,73.36,68.86,96.17,5.44,2.72,3,79.99,High
8.04,59.23,93.93,45.88,7.62,2.47,0,86.57,High
8.16,95.03,71.43,75.73,4.33,5.11,3,84.91,High
9.51,72.78,60.5,56.21,8.31,2.63,2,89.02,High
3.28,85.72,57.2,76.7,8.18,1.45,4,69.72,Medium
6.31,61.72,60.06,61.8,4.44,6.37,2,57.69,Low
1.86,98.27,42.1,84.38,4.12,3.64,3,55.22,Low
6.55,63.03,82.69,49.99,4.28,3.66,1,79.83,High
2.54,63.98,85.26,93.88,8.27,4.02,0,68.01,Medium
6.08,93.65,52.06,67.51,5.17,6.71,0,66.22,Medium
6.15,96.07,53.23,84.15,6.74,3.25,4,75.03,High
5.19,64.55,87.46,90.23,6.13,6.31,3,73.46,Medium
5.7,76.14,36.44,99.92,7.98,7.58,1,77.48,High
7.88,88.01,66.23,49.56,6.44,5.63,3,82.22,High
8.19,94.53,62.82,53.65,6.5,4.02,0,92.51,High
5.43,72.06,76.41,51.28,8.95,6.23,0,73.8,Medium
6.4,78.27,44.8,52.09,4.75,4.21,2,70.87,Medium
9.38,88.38,75.1,72.86,8.15,3.9,3,90.79,High
2.08,87.9,57.6,99.58,4.26,4.68,4,67.36,Medium
2.05,90.23,72.12,99.37,6.39,3.22,3,67.99,Medium
1.79,80.65,37.41,69.24,8.43,1.73,1,61.44,Medium
6.92,59.71,62.7,76.54,7.33,3.9,4,72.17,Medium
4.77,95.68,66.34,90.9,7.43,1.87,2,82.58,High
7.97,93.95,47.86,95.64,5.32,3.87,4,89.11,High
7.04,90.91,43.38,48.25,6.09,4.9,0,73.39,Medium
4.0,59.49,46.31,69.36,5.83,7.51,0,55.38,Low
9.09,64.2,55.65,89.13,6.61,1.25,0,84.13,High
7.86,88.46,40.81,54.71,6.31,5.35,4,75.58,High
3.43,56.04,91.84,63.59,5.63,4.2,0,69.81,Medium
4.28,99.07,59.3,99.07,5.53,1.14,4,84.73,High
3.83,71.97,83.54,99.03,5.25,2.75,3,68.98,Medium
2.42,87.37,93.47,93.9,5.83,1.83,0,76.08,High
2.33,94.94,39.84,86.9,4.75,2.52,4,58.97,Low
9.43,72.76,74.1,52.49,8.36,2.92,0,83.9,High
4.94,69.36,87.28,55.86,7.01,3.81,0,77.01,High
4.45,82.39,73.05,70.57,4.67,4.7,2,61.38,Medium
7.57,81.14,60.74,71.45,7.47,1.01,1,89.84,High
5.98,73.41,60.86,67.86,8.24,2.13,1,74.88,High
9.43,82.08,37.15,76.38,5.19,1.65,0,83.51,High
8.02,97.09,67.08,61.54,4.75,4.85,3,88.73,High
5.31,76.04,94.61,83.7,4.04,3.3,0,80.04,High
4.39,63.85,92.52,56.68,4.24,4.84,1,61.44,Medium
9.88,71.97,37.42,56.49,7.81,2.55,2,88.04,High
7.46,72.73,77.35,43.27,8.94,1.17,2,85.22,High
9.56,60.9,53.11,47.27,4.22,7.59,3,68.09,Medium
2.07,62.33,89.18,90.28,7.74,1.76,1,64.95,Medium
8.65,85.81,37.71,64.01,4.36,1.89,3,88.46,High
6.73,70.28,91.15,49.81,6.96,2.03,3,90.66,High
2.1,97.97,85.25,84.36,7.78,7.87,1,73.79,Medium
6.29,65.96,42.05,71.01,5.8,5.32,1,59.98,Medium
7.17,59.45,38.59,36.38,4.05,5.27,2,63.49,Medium
1.11,88.91,85.08,55.56,6.98,7.91,2,63.8,Medium
5.09,94.65,44.35,46.51,8.96,1.62,0,77.17,High
8.43,67.52,67.09,77.63,5.29,7.82,2,83.06,High
3.66,64.09,89.94,52.88,4.95,2.43,0,65.8,Medium
5.13,63.36,69.05,39.22,4.62,5.36,2,61.3,Medium
4.98,78.49,58.83,38.57,6.78,3.94,4,64.98,Medium
3.72,76.08,61.7,72.81,6.98,3.69,2,56.94,Low
9.27,66.67,38.79,36.41,7.96,7.52,3,76.71,High
8.03,57.03,93.13,90.17,7.77,2.04,1,89.66,High
2.0,76.67,53.64,45.1,8.46,7.98,4,56.75,Low
9.97,98.17,46.36,74.43,8.03,3.65,4,90.5,High
8.91,84.36,52.16,63.9,5.24,5.54,4,87.18,High
3.56,77.3,92.86,63.79,6.78,7.78,3,79.18,High
8.53,59.98,40.66,39.67,5.49,1.4,3,73.18,Medium
1.96,66.36,87.04,87.18,5.65,7.46,2,58.85,Low
9.99,68.26,77.47,93.05,8.66,4.97,4,98.61,High
6.99,89.42,84.8,35.72,7.41,5.93,4,94.04,High
6.85,94.45,93.55,46.61,8.87,2.04,2,86.81,High
1.81,95.57,85.53,93.75,6.08,4.73,0,70.53,Medium
9.07,99.31,91.6,70.72,6.69,5.71,0,94.18,High
1.26,99.21,42.62,44.75,6.44,4.19,1,51.68,Low
3.17,97.88,82.75,48.18,4.54,2.08,0,69.55,Medium
2.29,58.23,67.74,77.9,5.18,2.71,1,62.16,Medium
7.99,61.2,67.61,82.11,6.64,6.98,0,86.44,High
2.78,68.7,88.94,73.96,4.34,1.24,4,68.64,Medium
9.2,79.88,93.31,96.95,8.66,5.96,0,96.65,High
6.91,59.36,77.29,67.11,4.62,8.0,3,83.6,High
1.33,93.06,63.98,54.52,4.99,1.05,1,57.35,Low
1.05,82.75,62.38,66.02,7.83,2.13,0,55.5,Low
1.46,79.41,58.18,58.38,4.48,5.72,3,42.92,Low
6.45,62.44,56.7,49.59,8.5,1.42,4,81.01,High
8.21,66.4,58.49,37.99,7.63,5.13,3,81.59,High
3.15,62.21,40.39,57.89,4.34,5.79,4,61.75,Medium
8.64,93.34,39.65,81.24,7.46,5.12,2,79.96,High
1.52,81.29,81.79,36.2,7.16,3.56,3,67.32,Medium
8.21,88.08,61.76,63.55,7.79,5.88,0,85.46,High
9.35,68.32,90.84,76.86,8.14,5.16,4,98.78,High
7.95,71.71,71.73,74.68,7.59,2.45,3,78.46,High
7.28,73.22,37.11,85.48,6.93,4.94,1,81.72,High
8.54,89.2,44.45,87.68,5.61,7.17,1,86.66,High
1.36,89.76,47.35,81.26,7.49,5.67,3,58.3,Low
2.82,64.31,93.54,41.68,8.78,4.3,0,66.46,Medium
2.12,97.37,48.12,65.88,6.94,3.25,4,60.1,Medium
5.54,60.43,65.95,74.22,7.32,1.6,1,68.81,Medium
7.71,95.33,91.17,50.96,6.19,2.71,0,88.53,High
6.67,59.52,93.63,37.77,7.78,1.08,1,69.38,Medium
8.66,66.9,49.18,49.53,8.99,7.91,4,82.25,High
2.4,93.09,37.95,64.57,4.8,2.56,1,63.79,Medium
7.61,63.08,44.22,61.91,5.01,6.7,2,64.67,Medium
2.74,73.61,38.8,46.48,6.7,2.18,4,57.18,Low
3.44,75.24,46.71,88.59,6.41,2.99,0,61.2,Medium
7.39,66.04,69.11,95.17,6.86,3.93,3,84.22,High
9.82,86.96,89.75,48.09,4.25,3.27,1,90.73,High
6.5,93.31,67.23,95.42,6.02,6.59,3,79.29,High
1.49,94.36,72.56,36.16,6.91,7.7,0,61.97,Medium
6.55,70.27,47.11,95.12,6.93,7.13,0,71.34,Medium
1.38,78.89,83.04,96.88,7.29,2.08,3,77.78,High
8.96,66.18,72.07,35.78,7.6,6.44,4,82.03,High
7.39,66.02,86.85,84.6,7.21,2.04,4,83.0,High
2.56,62.26,91.93,98.06,7.95,7.39,3,72.16,Medium
1.83,97.3,55.87,93.88,7.12,4.63,2,69.05,Medium
2.65,94.96,40.43,98.1,6.69,3.35,0,68.74,Medium
9.82,89.98,48.56,70.77,7.03,2.1,1,98.66,High
5.13,78.29,61.27,40.08,4.51,1.08,3,65.06,Medium
8.06,77.08,91.74,90.24,5.37,2.74,1,90.48,High
6.73,78.84,57.7,74.9,6.64,7.4,2,74.43,High
6.15,79.15,81.25,74.96,8.36,6.58,0,73.54,Medium
2.31,74.56,67.43,62.12,7.4,7.79,2,56.21,Low
9.51,60.93,45.97,72.17,4.45,1.71,1,86.27,High
3.71,60.65,54.24,44.98,6.96,5.15,0,55.8,Low
6.2,97.85,74.19,83.09,5.11,2.8,0,77.62,High
7.3,76.69,75.37,39.88,7.67,4.8,2,72.15,Medium
6.84,97.89,61.09,82.44,8.14,3.24,1,96.07,High
9.47,62.36,48.72,90.18,6.97,2.98,0,83.63,High
2.34,79.95,78.31,65.71,6.96,5.02,2,60.54,Medium
5.58,64.35,45.13,68.14,5.69,2.28,0,63.35,Medium
4.64,66.39,91.2,55.29,6.23,4.28,0,61.83,Medium
5.27,56.35,46.27,98.01,8.32,5.56,0,72.57,Medium
2.07,60.35,41.44,82.65,7.62,1.9,2,52.09,Low
2.21,96.26,64.86,58.98,6.6,7.51,4,69.8,Medium
3.5,69.47,66.17,46.36,5.84,4.54,1,59.11,Medium
3.74,82.37,65.49,49.27,4.25,6.74,1,67.36,Medium
4.85,75.93,61.2,65.15,4.72,5.58,1,66.44,Medium
6.5,73.02,94.69,96.27,4.97,5.97,1,86.23,High
6.71,78.93,64.18,82.72,5.87,6.01,3,81.9,High
4.71,63.43,63.68,48.99,8.72,7.13,1,66.12,Medium
4.68,99.49,60.31,90.87,6.53,5.3,3,79.57,High
2.96,91.82,39.01,59.58,5.17,2.95,4,59.8,Medium
6.29,88.37,70.58,90.36,4.53,1.7,4,93.72,High
3.85,76.09,48.68,50.71,5.69,5.24,2,54.14,Low
1.32,61.88,73.26,75.21,8.08,1.46,3,59.05,Medium
4.77,96.43,38.05,95.23,5.92,2.69,4,74.81,High
5.27,70.36,93.88,51.76,7.86,1.42,3,80.85,High
3.03,57.25,63.14,80.04,8.01,4.84,1,56.89,Low
6.15,70.41,88.81,99.18,4.55,2.12,0,82.51,High
6.09,90.75,63.53,44.79,7.04,5.27,0,74.33,High
7.32,83.02,38.62,40.75,8.8,6.54,4,66.98,Medium
6.83,88.79,84.33,78.82,6.01,6.75,2,84.83,High
6.87,90.71,73.89,57.08,4.25,3.17,1,75.38,High
3.85,64.54,81.91,39.63,8.62,4.84,1,55.81,Low
8.09,96.57,60.69,65.89,8.42,4.94,1,89.91,High
5.94,74.71,73.28,84.0,6.61,4.31,4,81.31,High
4.88,83.76,86.37,53.53,6.76,5.59,3,77.86,High
6.63,55.1,72.86,56.78,5.06,2.47,4,74.84,High
4.25,99.7,55.86,89.97,8.1,7.85,1,64.25,Medium
5.61,67.64,74.75,68.8,6.49,1.69,2,68.09,Medium
